{"[(4, 5), (4, 6), 5]":[0.313889,0.343056,0.343056],"[(4, 6), (3, 6), 6]":[0.313889,0.343056,0.343056],"[(3, 6), (2, 6), 7]":[0.313889,0.343056,0.343056],"[(2, 6), (2, 7), 8]":[0.313889,0.343056,0.343056],"[(2, 7), (1, 7), 9]":[0.313889,0.343056,0.343056],"[(1, 7), (2, 7), 9]":[0.313889,0.343056,0.343056],"[(2, 7), (2, 8), 9]":[0.313889,0.343056,0.343056],"[(2, 8), (3, 8), 9]":[0.313889,0.343056,0.343056],"[(3, 8), (4, 8), 10]":[0,0.45625,0.54375],"[(4, 8), (4, 9), 10]":[0,0.45625,0.54375],"[(4, 9), (5, 9), 10]":[0,0.45625,0.54375],"[(5, 9), (6, 9), 10]":[0,0.45625,0.54375],"[(6, 9), (7, 9), 10]":[0,0.45625,0.54375],"[(7, 9), (7, 8), 10]":[0,0.45625,0.54375],"[(7, 8), (8, 8), 10]":[0,0.45625,0.54375],"[(8, 8), (9, 8), 10]":[0,0.45625,0.54375],"[(5, 5), (4, 5), 10]":[0,0.507991,0.492009],"[(4, 5), (4, 4), 10]":[0,0.45625,0.54375],"[(4, 4), (3, 4), 10]":[0,0.507991,0.492009],"[(3, 4), (2, 4), 10]":[0,0.45625,0.54375],"[(2, 4), (2, 3), 10]":[0,0.45625,0.54375],"[(2, 3), (1, 3), 10]":[0,0.45625,0.54375],"[(1, 3), (2, 3), 10]":[0,0.45625,0.54375],"[(2, 3), (3, 3), 10]":[0,0.45625,0.54375],"[(3, 3), (3, 2), 10]":[0,0.45625,0.54375],"[(3, 2), (4, 2), 10]":[0,0.45625,0.54375],"[(4, 2), (5, 2), 10]":[0,0.45625,0.54375],"[(5, 2), (6, 2), 10]":[0,0.45625,0.54375],"[(6, 2), (6, 1), 10]":[0,0.45625,0.54375],"[(6, 1), (7, 1), 10]":[0,0.45625,0.54375],"[(7, 1), (8, 1), 10]":[0,0.45625,0.54375],"[(8, 1), (9, 1), 10]":[0,0.45625,0.54375],"[(4, 5), (4, 4), 9]":[0.313889,0.343056,0.343056],"[(3, 4), (2, 4), 9]":[0.313889,0.343056,0.343056],"[(2, 4), (1, 4), 8]":[0.313889,0.343056,0.343056],"[(1, 4), (1, 3), 7]":[0.313889,0.343056,0.343056],"[(1, 3), (2, 3), 7]":[0.313889,0.343056,0.343056],"[(2, 3), (3, 3), 6]":[0.313889,0.343056,0.343056],"[(3, 3), (4, 3), 7]":[0.313889,0.343056,0.343056],"[(4, 3), (4, 2), 6]":[0.313889,0.343056,0.343056],"[(4, 2), (5, 2), 6]":[0.313889,0.343056,0.343056],"[(5, 2), (6, 2), 6]":[0.313889,0.343056,0.343056],"[(6, 2), (6, 1), 5]":[0.313889,0.343056,0.343056],"[(6, 1), (7, 1), 6]":[0.313889,0.343056,0.343056],"[(7, 1), (8, 1), 6]":[0.313889,0.343056,0.343056],"[(8, 1), (9, 1), 5]":[0.313889,0.343056,0.343056],"[(5, 5), (4, 5), 4]":[0.333333,0.333333,0.333333],"[(4, 6), (3, 6), 5]":[0.333333,0.333333,0.333333],"[(3, 6), (2, 6), 5]":[0.333333,0.333333,0.333333],"[(2, 6), (2, 7), 6]":[0.333333,0.333333,0.333333],"[(2, 7), (1, 7), 7]":[0.333333,0.333333,0.333333],"[(1, 7), (2, 7), 7]":[0.333333,0.333333,0.333333],"[(2, 7), (3, 7), 8]":[0.333333,0.333333,0.333333],"[(3, 7), (3, 8), 9]":[0.333333,0.333333,0.333333],"[(4, 8), (5, 8), 9]":[0.333333,0.333333,0.333333],"[(5, 8), (5, 9), 10]":[0,0.5,0.5],"[(6, 9), (7, 9), 9]":[0.333333,0.333333,0.333333]}
